{
  "id": "1632497",
  "name": "toutiao",
  "font_family": "iconfont",
  "css_prefix_text": "icon",
  "description": "",
  "glyphs": [
    {
      "icon_id": "11474203",
      "name": "auto",
      "font_class": "auto",
      "unicode": "e6eb",
      "unicode_decimal": 59115
    },
    {
      "icon_id": "11474219",
      "name": "all",
      "font_class": "all",
      "unicode": "e6ef",
      "unicode_decimal": 59119
    },
    {
      "icon_id": "11474220",
      "name": "bussiness-man",
      "font_class": "bussiness-man",
      "unicode": "e6f0",
      "unicode_decimal": 59120
    },
    {
      "icon_id": "11474234",
      "name": "component",
      "font_class": "component",
      "unicode": "e6f2",
      "unicode_decimal": 59122
    },
    {
      "icon_id": "11474242",
      "name": "code",
      "font_class": "code",
      "unicode": "e6f3",
      "unicode_decimal": 59123
    },
    {
      "icon_id": "11474243",
      "name": "copy",
      "font_class": "copy",
      "unicode": "e6f4",
      "unicode_decimal": 59124
    },
    {
      "icon_id": "11474255",
      "name": "dollar",
      "font_class": "dollar",
      "unicode": "e6f5",
      "unicode_decimal": 59125
    },
    {
      "icon_id": "11474270",
      "name": "history",
      "font_class": "history",
      "unicode": "e6f8",
      "unicode_decimal": 59128
    },
    {
      "icon_id": "11474272",
      "name": "editor",
      "font_class": "editor",
      "unicode": "e6f6",
      "unicode_decimal": 59126
    },
    {
      "icon_id": "11474277",
      "name": "data",
      "font_class": "data",
      "unicode": "e6f9",
      "unicode_decimal": 59129
    },
    {
      "icon_id": "11474278",
      "name": "gift",
      "font_class": "gift",
      "unicode": "e6fa",
      "unicode_decimal": 59130
    },
    {
      "icon_id": "11474291",
      "name": "integral",
      "font_class": "integral",
      "unicode": "e6fb",
      "unicode_decimal": 59131
    },
    {
      "icon_id": "11474302",
      "name": "nav-list",
      "font_class": "nav-list",
      "unicode": "e6fd",
      "unicode_decimal": 59133
    },
    {
      "icon_id": "11474312",
      "name": "pic",
      "font_class": "pic",
      "unicode": "e6ff",
      "unicode_decimal": 59135
    },
    {
      "icon_id": "11474313",
      "name": "Not visible",
      "font_class": "Notvisible",
      "unicode": "e6fe",
      "unicode_decimal": 59134
    },
    {
      "icon_id": "11474324",
      "name": "play",
      "font_class": "play",
      "unicode": "e701",
      "unicode_decimal": 59137
    },
    {
      "icon_id": "11474331",
      "name": "rising",
      "font_class": "rising",
      "unicode": "e703",
      "unicode_decimal": 59139
    },
    {
      "icon_id": "11474335",
      "name": "QRcode",
      "font_class": "QRcode",
      "unicode": "e704",
      "unicode_decimal": 59140
    },
    {
      "icon_id": "11474340",
      "name": "rmb",
      "font_class": "rmb",
      "unicode": "e705",
      "unicode_decimal": 59141
    },
    {
      "icon_id": "11474353",
      "name": "similar-product",
      "font_class": "similar-product",
      "unicode": "e707",
      "unicode_decimal": 59143
    },
    {
      "icon_id": "11474371",
      "name": "export services",
      "font_class": "Exportservices",
      "unicode": "e702",
      "unicode_decimal": 59138
    },
    {
      "icon_id": "11474399",
      "name": "send inquiry",
      "font_class": "sendinquiry",
      "unicode": "e70d",
      "unicode_decimal": 59149
    },
    {
      "icon_id": "11481287",
      "name": "all-fill",
      "font_class": "all-fill",
      "unicode": "e718",
      "unicode_decimal": 59160
    },
    {
      "icon_id": "11481317",
      "name": "favorites-fill",
      "font_class": "favorites-fill",
      "unicode": "e721",
      "unicode_decimal": 59169
    },
    {
      "icon_id": "11481334",
      "name": "integral-fill",
      "font_class": "integral-fill",
      "unicode": "e726",
      "unicode_decimal": 59174
    },
    {
      "icon_id": "11481342",
      "name": "namecard-fill",
      "font_class": "namecard-fill",
      "unicode": "e72a",
      "unicode_decimal": 59178
    },
    {
      "icon_id": "11481356",
      "name": "pic-fill",
      "font_class": "pic-fill",
      "unicode": "e72e",
      "unicode_decimal": 59182
    },
    {
      "icon_id": "11481357",
      "name": "play-fill",
      "font_class": "play-fill",
      "unicode": "e72f",
      "unicode_decimal": 59183
    },
    {
      "icon_id": "11481359",
      "name": "prompt-fill",
      "font_class": "prompt-fill",
      "unicode": "e730",
      "unicode_decimal": 59184
    },
    {
      "icon_id": "11481382",
      "name": "stop-fill",
      "font_class": "stop-fill",
      "unicode": "e738",
      "unicode_decimal": 59192
    },
    {
      "icon_id": "11487969",
      "name": "3column",
      "font_class": "column",
      "unicode": "e741",
      "unicode_decimal": 59201
    },
    {
      "icon_id": "11487970",
      "name": "add-account",
      "font_class": "add-account",
      "unicode": "e742",
      "unicode_decimal": 59202
    },
    {
      "icon_id": "11487971",
      "name": "4column",
      "font_class": "column1",
      "unicode": "e743",
      "unicode_decimal": 59203
    },
    {
      "icon_id": "11487973",
      "name": "add",
      "font_class": "add",
      "unicode": "e744",
      "unicode_decimal": 59204
    },
    {
      "icon_id": "11487974",
      "name": "agriculture",
      "font_class": "agriculture",
      "unicode": "e745",
      "unicode_decimal": 59205
    },
    {
      "icon_id": "11487975",
      "name": "2years",
      "font_class": "years",
      "unicode": "e746",
      "unicode_decimal": 59206
    },
    {
      "icon_id": "11487976",
      "name": "add-cart",
      "font_class": "add-cart",
      "unicode": "e747",
      "unicode_decimal": 59207
    },
    {
      "icon_id": "11487977",
      "name": "arrow-right",
      "font_class": "arrow-right",
      "unicode": "e748",
      "unicode_decimal": 59208
    },
    {
      "icon_id": "11487978",
      "name": "arrow-lift",
      "font_class": "arrow-lift",
      "unicode": "e749",
      "unicode_decimal": 59209
    },
    {
      "icon_id": "11487980",
      "name": "apparel",
      "font_class": "apparel",
      "unicode": "e74a",
      "unicode_decimal": 59210
    },
    {
      "icon_id": "11487981",
      "name": "all",
      "font_class": "all1",
      "unicode": "e74b",
      "unicode_decimal": 59211
    },
    {
      "icon_id": "11487982",
      "name": "arrow-up",
      "font_class": "arrow-up",
      "unicode": "e74c",
      "unicode_decimal": 59212
    },
    {
      "icon_id": "11487983",
      "name": "ascending",
      "font_class": "ascending",
      "unicode": "e74d",
      "unicode_decimal": 59213
    },
    {
      "icon_id": "11487984",
      "name": "ashbin",
      "font_class": "ashbin",
      "unicode": "e74e",
      "unicode_decimal": 59214
    },
    {
      "icon_id": "11487985",
      "name": "atm",
      "font_class": "atm",
      "unicode": "e74f",
      "unicode_decimal": 59215
    },
    {
      "icon_id": "11487986",
      "name": "bad",
      "font_class": "bad",
      "unicode": "e750",
      "unicode_decimal": 59216
    },
    {
      "icon_id": "11487987",
      "name": "attachent",
      "font_class": "attachent",
      "unicode": "e751",
      "unicode_decimal": 59217
    },
    {
      "icon_id": "11487988",
      "name": "browse",
      "font_class": "browse",
      "unicode": "e752",
      "unicode_decimal": 59218
    },
    {
      "icon_id": "11487989",
      "name": "beauty",
      "font_class": "beauty",
      "unicode": "e753",
      "unicode_decimal": 59219
    },
    {
      "icon_id": "11487990",
      "name": "atm-away",
      "font_class": "atm-away",
      "unicode": "e754",
      "unicode_decimal": 59220
    },
    {
      "icon_id": "11487991",
      "name": "assessed-badge",
      "font_class": "assessed-badge",
      "unicode": "e755",
      "unicode_decimal": 59221
    },
    {
      "icon_id": "11487992",
      "name": "auto",
      "font_class": "auto1",
      "unicode": "e756",
      "unicode_decimal": 59222
    },
    {
      "icon_id": "11487993",
      "name": "bags",
      "font_class": "bags",
      "unicode": "e757",
      "unicode_decimal": 59223
    },
    {
      "icon_id": "11487994",
      "name": "calendar",
      "font_class": "calendar",
      "unicode": "e758",
      "unicode_decimal": 59224
    },
    {
      "icon_id": "11487995",
      "name": "cart- full",
      "font_class": "cart-full",
      "unicode": "e759",
      "unicode_decimal": 59225
    },
    {
      "icon_id": "11487997",
      "name": "calculator",
      "font_class": "calculator",
      "unicode": "e75a",
      "unicode_decimal": 59226
    },
    {
      "icon_id": "11487998",
      "name": "camera switching",
      "font_class": "cameraswitching",
      "unicode": "e75b",
      "unicode_decimal": 59227
    },
    {
      "icon_id": "11487999",
      "name": "cecurity-protection",
      "font_class": "cecurity-protection",
      "unicode": "e75c",
      "unicode_decimal": 59228
    },
    {
      "icon_id": "11488000",
      "name": "category",
      "font_class": "category",
      "unicode": "e75d",
      "unicode_decimal": 59229
    },
    {
      "icon_id": "11488001",
      "name": "close",
      "font_class": "close",
      "unicode": "e75e",
      "unicode_decimal": 59230
    },
    {
      "icon_id": "11488002",
      "name": "certified-supplier",
      "font_class": "certified-supplier",
      "unicode": "e75f",
      "unicode_decimal": 59231
    },
    {
      "icon_id": "11488003",
      "name": "cart-Empty",
      "font_class": "cart-Empty",
      "unicode": "e760",
      "unicode_decimal": 59232
    },
    {
      "icon_id": "11488004",
      "name": "code",
      "font_class": "code1",
      "unicode": "e761",
      "unicode_decimal": 59233
    },
    {
      "icon_id": "11488005",
      "name": "color",
      "font_class": "color",
      "unicode": "e762",
      "unicode_decimal": 59234
    },
    {
      "icon_id": "11488009",
      "name": "conditions",
      "font_class": "conditions",
      "unicode": "e763",
      "unicode_decimal": 59235
    },
    {
      "icon_id": "11488010",
      "name": "confirm",
      "font_class": "confirm",
      "unicode": "e764",
      "unicode_decimal": 59236
    },
    {
      "icon_id": "11488011",
      "name": "company",
      "font_class": "company",
      "unicode": "e765",
      "unicode_decimal": 59237
    },
    {
      "icon_id": "11488012",
      "name": "ali-clould",
      "font_class": "ali-clould",
      "unicode": "e766",
      "unicode_decimal": 59238
    },
    {
      "icon_id": "11488013",
      "name": "copy",
      "font_class": "copy1",
      "unicode": "e767",
      "unicode_decimal": 59239
    },
    {
      "icon_id": "11488014",
      "name": "credit-level",
      "font_class": "credit-level",
      "unicode": "e768",
      "unicode_decimal": 59240
    },
    {
      "icon_id": "11488015",
      "name": "coupons",
      "font_class": "coupons",
      "unicode": "e769",
      "unicode_decimal": 59241
    },
    {
      "icon_id": "11488016",
      "name": "connections",
      "font_class": "connections",
      "unicode": "e76a",
      "unicode_decimal": 59242
    },
    {
      "icon_id": "11488017",
      "name": "cry",
      "font_class": "cry",
      "unicode": "e76b",
      "unicode_decimal": 59243
    },
    {
      "icon_id": "11488018",
      "name": "costoms-alearance",
      "font_class": "costoms-alearance",
      "unicode": "e76c",
      "unicode_decimal": 59244
    },
    {
      "icon_id": "11488020",
      "name": "clock",
      "font_class": "clock",
      "unicode": "e76d",
      "unicode_decimal": 59245
    },
    {
      "icon_id": "11488021",
      "name": "Currency Converter",
      "font_class": "CurrencyConverter",
      "unicode": "e76e",
      "unicode_decimal": 59246
    },
    {
      "icon_id": "11488022",
      "name": "cut",
      "font_class": "cut",
      "unicode": "e76f",
      "unicode_decimal": 59247
    },
    {
      "icon_id": "11488023",
      "name": "data",
      "font_class": "data1",
      "unicode": "e770",
      "unicode_decimal": 59248
    },
    {
      "icon_id": "11488024",
      "name": "Customer management",
      "font_class": "Customermanagement",
      "unicode": "e771",
      "unicode_decimal": 59249
    },
    {
      "icon_id": "11488025",
      "name": "descending",
      "font_class": "descending",
      "unicode": "e772",
      "unicode_decimal": 59250
    },
    {
      "icon_id": "11488026",
      "name": "double-arro- right",
      "font_class": "double-arro-right",
      "unicode": "e773",
      "unicode_decimal": 59251
    },
    {
      "icon_id": "11488027",
      "name": "customization",
      "font_class": "customization",
      "unicode": "e774",
      "unicode_decimal": 59252
    },
    {
      "icon_id": "11488028",
      "name": "double-arrow-left",
      "font_class": "double-arrow-left",
      "unicode": "e775",
      "unicode_decimal": 59253
    },
    {
      "icon_id": "11488029",
      "name": "discount",
      "font_class": "discount",
      "unicode": "e776",
      "unicode_decimal": 59254
    },
    {
      "icon_id": "11488030",
      "name": "download",
      "font_class": "download",
      "unicode": "e777",
      "unicode_decimal": 59255
    },
    {
      "icon_id": "11488031",
      "name": "dollar",
      "font_class": "dollar1",
      "unicode": "e778",
      "unicode_decimal": 59256
    },
    {
      "icon_id": "11488032",
      "name": "default-template",
      "font_class": "default-template",
      "unicode": "e779",
      "unicode_decimal": 59257
    },
    {
      "icon_id": "11488033",
      "name": "editor",
      "font_class": "editor1",
      "unicode": "e77a",
      "unicode_decimal": 59258
    },
    {
      "icon_id": "11488034",
      "name": "eletrical",
      "font_class": "eletrical",
      "unicode": "e77b",
      "unicode_decimal": 59259
    },
    {
      "icon_id": "11488035",
      "name": "electronics",
      "font_class": "electronics",
      "unicode": "e77c",
      "unicode_decimal": 59260
    },
    {
      "icon_id": "11488036",
      "name": "etrical-equipm",
      "font_class": "etrical-equipm",
      "unicode": "e77d",
      "unicode_decimal": 59261
    },
    {
      "icon_id": "11488037",
      "name": "ellipsis",
      "font_class": "ellipsis",
      "unicode": "e77e",
      "unicode_decimal": 59262
    },
    {
      "icon_id": "11488038",
      "name": "email",
      "font_class": "email",
      "unicode": "e77f",
      "unicode_decimal": 59263
    },
    {
      "icon_id": "11488039",
      "name": "falling",
      "font_class": "falling",
      "unicode": "e780",
      "unicode_decimal": 59264
    },
    {
      "icon_id": "11488040",
      "name": "earth",
      "font_class": "earth",
      "unicode": "e781",
      "unicode_decimal": 59265
    },
    {
      "icon_id": "11488041",
      "name": "filter",
      "font_class": "filter",
      "unicode": "e782",
      "unicode_decimal": 59266
    },
    {
      "icon_id": "11488042",
      "name": "furniture",
      "font_class": "furniture",
      "unicode": "e783",
      "unicode_decimal": 59267
    },
    {
      "icon_id": "11488043",
      "name": "folder",
      "font_class": "folder",
      "unicode": "e784",
      "unicode_decimal": 59268
    },
    {
      "icon_id": "11488044",
      "name": "feeds",
      "font_class": "feeds",
      "unicode": "e785",
      "unicode_decimal": 59269
    },
    {
      "icon_id": "11488047",
      "name": "history",
      "font_class": "history1",
      "unicode": "e786",
      "unicode_decimal": 59270
    },
    {
      "icon_id": "11488048",
      "name": "hardware",
      "font_class": "hardware",
      "unicode": "e787",
      "unicode_decimal": 59271
    },
    {
      "icon_id": "11488052",
      "name": "help",
      "font_class": "help",
      "unicode": "e788",
      "unicode_decimal": 59272
    },
    {
      "icon_id": "11488053",
      "name": "good",
      "font_class": "good",
      "unicode": "e789",
      "unicode_decimal": 59273
    },
    {
      "icon_id": "11488054",
      "name": "Household appliances",
      "font_class": "Householdappliances",
      "unicode": "e78a",
      "unicode_decimal": 59274
    },
    {
      "icon_id": "11488055",
      "name": "gift",
      "font_class": "gift1",
      "unicode": "e78b",
      "unicode_decimal": 59275
    },
    {
      "icon_id": "11488056",
      "name": "form",
      "font_class": "form",
      "unicode": "e78c",
      "unicode_decimal": 59276
    },
    {
      "icon_id": "11488057",
      "name": "image-text",
      "font_class": "image-text",
      "unicode": "e78d",
      "unicode_decimal": 59277
    },
    {
      "icon_id": "11488058",
      "name": "hot",
      "font_class": "hot",
      "unicode": "e78e",
      "unicode_decimal": 59278
    },
    {
      "icon_id": "11488059",
      "name": "inspection",
      "font_class": "inspection",
      "unicode": "e78f",
      "unicode_decimal": 59279
    },
    {
      "icon_id": "11488060",
      "name": "left button",
      "font_class": "leftbutton",
      "unicode": "e790",
      "unicode_decimal": 59280
    },
    {
      "icon_id": "11488061",
      "name": "jewelry",
      "font_class": "jewelry",
      "unicode": "e791",
      "unicode_decimal": 59281
    },
    {
      "icon_id": "11488062",
      "name": "ipad",
      "font_class": "ipad",
      "unicode": "e792",
      "unicode_decimal": 59282
    },
    {
      "icon_id": "11488063",
      "name": "left arrow",
      "font_class": "leftarrow",
      "unicode": "e793",
      "unicode_decimal": 59283
    },
    {
      "icon_id": "11488064",
      "name": "integral",
      "font_class": "integral1",
      "unicode": "e794",
      "unicode_decimal": 59284
    },
    {
      "icon_id": "11488065",
      "name": "kitchen",
      "font_class": "kitchen",
      "unicode": "e795",
      "unicode_decimal": 59285
    },
    {
      "icon_id": "11488066",
      "name": "inquiry-template",
      "font_class": "inquiry-template",
      "unicode": "e796",
      "unicode_decimal": 59286
    },
    {
      "icon_id": "11488067",
      "name": "link",
      "font_class": "link",
      "unicode": "e797",
      "unicode_decimal": 59287
    },
    {
      "icon_id": "11488068",
      "name": "libra",
      "font_class": "libra",
      "unicode": "e798",
      "unicode_decimal": 59288
    },
    {
      "icon_id": "11488069",
      "name": "loading",
      "font_class": "loading",
      "unicode": "e799",
      "unicode_decimal": 59289
    },
    {
      "icon_id": "11488070",
      "name": "listing-content",
      "font_class": "listing-content",
      "unicode": "e79a",
      "unicode_decimal": 59290
    },
    {
      "icon_id": "11488071",
      "name": "lights",
      "font_class": "lights",
      "unicode": "e79b",
      "unicode_decimal": 59291
    },
    {
      "icon_id": "11488072",
      "name": "logistics-icon",
      "font_class": "logistics-icon",
      "unicode": "e79c",
      "unicode_decimal": 59292
    },
    {
      "icon_id": "11488073",
      "name": "message center",
      "font_class": "messagecenter",
      "unicode": "e79d",
      "unicode_decimal": 59293
    },
    {
      "icon_id": "11488074",
      "name": "mobile-phone",
      "font_class": "mobile-phone",
      "unicode": "e79e",
      "unicode_decimal": 59294
    },
    {
      "icon_id": "11488075",
      "name": "manage-order",
      "font_class": "manage-order",
      "unicode": "e79f",
      "unicode_decimal": 59295
    },
    {
      "icon_id": "11488077",
      "name": "move",
      "font_class": "move",
      "unicode": "e7a0",
      "unicode_decimal": 59296
    },
    {
      "icon_id": "11488078",
      "name": "Money management",
      "font_class": "Moneymanagement",
      "unicode": "e7a1",
      "unicode_decimal": 59297
    },
    {
      "icon_id": "11488079",
      "name": "namecard",
      "font_class": "namecard",
      "unicode": "e7a2",
      "unicode_decimal": 59298
    },
    {
      "icon_id": "11488080",
      "name": "map",
      "font_class": "map",
      "unicode": "e7a3",
      "unicode_decimal": 59299
    },
    {
      "icon_id": "11488081",
      "name": "New user zone",
      "font_class": "Newuserzone",
      "unicode": "e7a4",
      "unicode_decimal": 59300
    },
    {
      "icon_id": "11488082",
      "name": "multi-language",
      "font_class": "multi-language",
      "unicode": "e7a5",
      "unicode_decimal": 59301
    },
    {
      "icon_id": "11488083",
      "name": "office",
      "font_class": "office",
      "unicode": "e7a6",
      "unicode_decimal": 59302
    },
    {
      "icon_id": "11488084",
      "name": "notice",
      "font_class": "notice",
      "unicode": "e7a7",
      "unicode_decimal": 59303
    },
    {
      "icon_id": "11488085",
      "name": "on time shipment",
      "font_class": "ontimeshipment",
      "unicode": "e7a8",
      "unicode_decimal": 59304
    },
    {
      "icon_id": "11488086",
      "name": "office-supplies",
      "font_class": "office-supplies",
      "unicode": "e7a9",
      "unicode_decimal": 59305
    },
    {
      "icon_id": "11488087",
      "name": "password",
      "font_class": "password",
      "unicode": "e7aa",
      "unicode_decimal": 59306
    },
    {
      "icon_id": "11488088",
      "name": "Not visible",
      "font_class": "Notvisible1",
      "unicode": "e7ab",
      "unicode_decimal": 59307
    },
    {
      "icon_id": "11488090",
      "name": "operation",
      "font_class": "operation",
      "unicode": "e7ac",
      "unicode_decimal": 59308
    },
    {
      "icon_id": "11488091",
      "name": "packaging",
      "font_class": "packaging",
      "unicode": "e7ad",
      "unicode_decimal": 59309
    },
    {
      "icon_id": "11488092",
      "name": "online-tracking",
      "font_class": "online-tracking",
      "unicode": "e7ae",
      "unicode_decimal": 59310
    },
    {
      "icon_id": "11488093",
      "name": "packing-labeling",
      "font_class": "packing-labeling",
      "unicode": "e7af",
      "unicode_decimal": 59311
    },
    {
      "icon_id": "11488094",
      "name": "phone",
      "font_class": "phone",
      "unicode": "e7b0",
      "unicode_decimal": 59312
    },
    {
      "icon_id": "11488095",
      "name": "pic",
      "font_class": "pic1",
      "unicode": "e7b1",
      "unicode_decimal": 59313
    },
    {
      "icon_id": "11488096",
      "name": "pin",
      "font_class": "pin",
      "unicode": "e7b2",
      "unicode_decimal": 59314
    },
    {
      "icon_id": "11488097",
      "name": "play",
      "font_class": "play1",
      "unicode": "e7b3",
      "unicode_decimal": 59315
    },
    {
      "icon_id": "11488098",
      "name": "logistic-logo",
      "font_class": "logistic-logo",
      "unicode": "e7b4",
      "unicode_decimal": 59316
    },
    {
      "icon_id": "11488099",
      "name": "print",
      "font_class": "print",
      "unicode": "e7b5",
      "unicode_decimal": 59317
    },
    {
      "icon_id": "11488100",
      "name": "product",
      "font_class": "product",
      "unicode": "e7b6",
      "unicode_decimal": 59318
    },
    {
      "icon_id": "11488101",
      "name": "machinery",
      "font_class": "machinery",
      "unicode": "e7b7",
      "unicode_decimal": 59319
    },
    {
      "icon_id": "11488102",
      "name": "process",
      "font_class": "process",
      "unicode": "e7b8",
      "unicode_decimal": 59320
    },
    {
      "icon_id": "11488103",
      "name": "prompt",
      "font_class": "prompt",
      "unicode": "e7b9",
      "unicode_decimal": 59321
    },
    {
      "icon_id": "11488104",
      "name": "QRcode",
      "font_class": "QRcode1",
      "unicode": "e7ba",
      "unicode_decimal": 59322
    },
    {
      "icon_id": "11488105",
      "name": "reeor",
      "font_class": "reeor",
      "unicode": "e7bb",
      "unicode_decimal": 59323
    },
    {
      "icon_id": "11488106",
      "name": "reduce",
      "font_class": "reduce",
      "unicode": "e7bc",
      "unicode_decimal": 59324
    },
    {
      "icon_id": "11488107",
      "name": "Non-staple food",
      "font_class": "Non-staplefood",
      "unicode": "e7bd",
      "unicode_decimal": 59325
    },
    {
      "icon_id": "11488108",
      "name": "rejected-order",
      "font_class": "rejected-order",
      "unicode": "e7be",
      "unicode_decimal": 59326
    },
    {
      "icon_id": "11488109",
      "name": "resonse rate",
      "font_class": "resonserate",
      "unicode": "e7bf",
      "unicode_decimal": 59327
    },
    {
      "icon_id": "11488110",
      "name": "remind",
      "font_class": "remind",
      "unicode": "e7c0",
      "unicode_decimal": 59328
    },
    {
      "icon_id": "11488111",
      "name": "response time",
      "font_class": "responsetime",
      "unicode": "e7c1",
      "unicode_decimal": 59329
    },
    {
      "icon_id": "11488112",
      "name": "return",
      "font_class": "return",
      "unicode": "e7c2",
      "unicode_decimal": 59330
    },
    {
      "icon_id": "11488113",
      "name": "paylater",
      "font_class": "paylater",
      "unicode": "e7c3",
      "unicode_decimal": 59331
    },
    {
      "icon_id": "11488114",
      "name": "rising",
      "font_class": "rising1",
      "unicode": "e7c4",
      "unicode_decimal": 59332
    },
    {
      "icon_id": "11488115",
      "name": "Right arrow",
      "font_class": "Rightarrow",
      "unicode": "e7c5",
      "unicode_decimal": 59333
    },
    {
      "icon_id": "11488116",
      "name": "rmb",
      "font_class": "rmb1",
      "unicode": "e7c6",
      "unicode_decimal": 59334
    },
    {
      "icon_id": "11488117",
      "name": "RFQ-logo",
      "font_class": "RFQ-logo",
      "unicode": "e7c7",
      "unicode_decimal": 59335
    },
    {
      "icon_id": "11488118",
      "name": "save",
      "font_class": "save",
      "unicode": "e7c8",
      "unicode_decimal": 59336
    },
    {
      "icon_id": "11488120",
      "name": "scanning",
      "font_class": "scanning",
      "unicode": "e7c9",
      "unicode_decimal": 59337
    },
    {
      "icon_id": "11488121",
      "name": "security",
      "font_class": "security",
      "unicode": "e7ca",
      "unicode_decimal": 59338
    },
    {
      "icon_id": "11488122",
      "name": "sales center",
      "font_class": "salescenter",
      "unicode": "e7cb",
      "unicode_decimal": 59339
    },
    {
      "icon_id": "11488125",
      "name": "seleted",
      "font_class": "seleted",
      "unicode": "e7cc",
      "unicode_decimal": 59340
    },
    {
      "icon_id": "11488126",
      "name": "search cart",
      "font_class": "searchcart",
      "unicode": "e7cd",
      "unicode_decimal": 59341
    },
    {
      "icon_id": "11488127",
      "name": "raw",
      "font_class": "raw",
      "unicode": "e7ce",
      "unicode_decimal": 59342
    },
    {
      "icon_id": "11488128",
      "name": "service",
      "font_class": "service",
      "unicode": "e7cf",
      "unicode_decimal": 59343
    },
    {
      "icon_id": "11488129",
      "name": "share",
      "font_class": "share",
      "unicode": "e7d0",
      "unicode_decimal": 59344
    },
    {
      "icon_id": "11488130",
      "name": "signboard",
      "font_class": "signboard",
      "unicode": "e7d1",
      "unicode_decimal": 59345
    },
    {
      "icon_id": "11488131",
      "name": "shuffling-banner",
      "font_class": "shuffling-banner",
      "unicode": "e7d2",
      "unicode_decimal": 59346
    },
    {
      "icon_id": "11488132",
      "name": "Right button",
      "font_class": "Rightbutton",
      "unicode": "e7d3",
      "unicode_decimal": 59347
    },
    {
      "icon_id": "11488134",
      "name": "sorting",
      "font_class": "sorting",
      "unicode": "e7d4",
      "unicode_decimal": 59348
    },
    {
      "icon_id": "11488135",
      "name": "sound-Mute",
      "font_class": "sound-Mute",
      "unicode": "e7d5",
      "unicode_decimal": 59349
    },
    {
      "icon_id": "11488136",
      "name": "category products",
      "font_class": "Similarproducts",
      "unicode": "e7d6",
      "unicode_decimal": 59350
    },
    {
      "icon_id": "11488137",
      "name": "sound-filling",
      "font_class": "sound-filling",
      "unicode": "e7d7",
      "unicode_decimal": 59351
    },
    {
      "icon_id": "11488138",
      "name": "suggest",
      "font_class": "suggest",
      "unicode": "e7d8",
      "unicode_decimal": 59352
    },
    {
      "icon_id": "11488139",
      "name": "stop",
      "font_class": "stop",
      "unicode": "e7d9",
      "unicode_decimal": 59353
    },
    {
      "icon_id": "11488140",
      "name": "success",
      "font_class": "success",
      "unicode": "e7da",
      "unicode_decimal": 59354
    },
    {
      "icon_id": "11488141",
      "name": "supplier-features",
      "font_class": "supplier-features",
      "unicode": "e7db",
      "unicode_decimal": 59355
    },
    {
      "icon_id": "11488142",
      "name": "switch",
      "font_class": "switch",
      "unicode": "e7dc",
      "unicode_decimal": 59356
    },
    {
      "icon_id": "11488143",
      "name": "survey",
      "font_class": "survey",
      "unicode": "e7dd",
      "unicode_decimal": 59357
    },
    {
      "icon_id": "11488144",
      "name": "template",
      "font_class": "template",
      "unicode": "e7de",
      "unicode_decimal": 59358
    },
    {
      "icon_id": "11488145",
      "name": "text",
      "font_class": "text",
      "unicode": "e7df",
      "unicode_decimal": 59359
    },
    {
      "icon_id": "11488146",
      "name": "suspended",
      "font_class": "suspended",
      "unicode": "e7e0",
      "unicode_decimal": 59360
    },
    {
      "icon_id": "11488147",
      "name": "task-management",
      "font_class": "task-management",
      "unicode": "e7e1",
      "unicode_decimal": 59361
    },
    {
      "icon_id": "11488148",
      "name": "tool",
      "font_class": "tool",
      "unicode": "e7e2",
      "unicode_decimal": 59362
    },
    {
      "icon_id": "11488149",
      "name": "top",
      "font_class": "Top",
      "unicode": "e7e3",
      "unicode_decimal": 59363
    },
    {
      "icon_id": "11488150",
      "name": "smile",
      "font_class": "smile",
      "unicode": "e7e4",
      "unicode_decimal": 59364
    },
    {
      "icon_id": "11488151",
      "name": "textile-products",
      "font_class": "textile-products",
      "unicode": "e7e5",
      "unicode_decimal": 59365
    },
    {
      "icon_id": "11488152",
      "name": "trade alert",
      "font_class": "tradealert",
      "unicode": "e7e6",
      "unicode_decimal": 59366
    },
    {
      "icon_id": "11488153",
      "name": "top sales",
      "font_class": "topsales",
      "unicode": "e7e7",
      "unicode_decimal": 59367
    },
    {
      "icon_id": "11488154",
      "name": "trading volume",
      "font_class": "tradingvolume",
      "unicode": "e7e8",
      "unicode_decimal": 59368
    },
    {
      "icon_id": "11488155",
      "name": "training",
      "font_class": "training",
      "unicode": "e7e9",
      "unicode_decimal": 59369
    },
    {
      "icon_id": "11488156",
      "name": "upload",
      "font_class": "upload",
      "unicode": "e7ea",
      "unicode_decimal": 59370
    },
    {
      "icon_id": "11488157",
      "name": "RFQ-word",
      "font_class": "RFQ-word",
      "unicode": "e7eb",
      "unicode_decimal": 59371
    },
    {
      "icon_id": "11488158",
      "name": "view larger",
      "font_class": "viewlarger",
      "unicode": "e7ec",
      "unicode_decimal": 59372
    },
    {
      "icon_id": "11488159",
      "name": "viewgallery",
      "font_class": "viewgallery",
      "unicode": "e7ed",
      "unicode_decimal": 59373
    },
    {
      "icon_id": "11488161",
      "name": "vehivles",
      "font_class": "vehivles",
      "unicode": "e7ee",
      "unicode_decimal": 59374
    },
    {
      "icon_id": "11488162",
      "name": "trust",
      "font_class": "trust",
      "unicode": "e7ef",
      "unicode_decimal": 59375
    },
    {
      "icon_id": "11488163",
      "name": "warning",
      "font_class": "warning",
      "unicode": "e7f0",
      "unicode_decimal": 59376
    },
    {
      "icon_id": "11488164",
      "name": "warehouse",
      "font_class": "warehouse",
      "unicode": "e7f1",
      "unicode_decimal": 59377
    },
    {
      "icon_id": "11488165",
      "name": "shoes",
      "font_class": "shoes",
      "unicode": "e7f2",
      "unicode_decimal": 59378
    },
    {
      "icon_id": "11488166",
      "name": "video",
      "font_class": "video",
      "unicode": "e7f3",
      "unicode_decimal": 59379
    },
    {
      "icon_id": "11488167",
      "name": "viewlist",
      "font_class": "viewlist",
      "unicode": "e7f4",
      "unicode_decimal": 59380
    },
    {
      "icon_id": "11488168",
      "name": "set",
      "font_class": "set",
      "unicode": "e7f5",
      "unicode_decimal": 59381
    },
    {
      "icon_id": "11488170",
      "name": "store",
      "font_class": "store",
      "unicode": "e7f6",
      "unicode_decimal": 59382
    },
    {
      "icon_id": "11488171",
      "name": "tool-hardware",
      "font_class": "tool-hardware",
      "unicode": "e7f7",
      "unicode_decimal": 59383
    },
    {
      "icon_id": "11488173",
      "name": "vs",
      "font_class": "vs",
      "unicode": "e7f8",
      "unicode_decimal": 59384
    },
    {
      "icon_id": "11488174",
      "name": "toy",
      "font_class": "toy",
      "unicode": "e7f9",
      "unicode_decimal": 59385
    },
    {
      "icon_id": "11488175",
      "name": "sport",
      "font_class": "sport",
      "unicode": "e7fa",
      "unicode_decimal": 59386
    },
    {
      "icon_id": "11488195",
      "name": "credit card",
      "font_class": "creditcard",
      "unicode": "e7fb",
      "unicode_decimal": 59387
    },
    {
      "icon_id": "11488196",
      "name": "contacts",
      "font_class": "contacts",
      "unicode": "e7fc",
      "unicode_decimal": 59388
    },
    {
      "icon_id": "11488197",
      "name": "checkstand",
      "font_class": "checkstand",
      "unicode": "e7fd",
      "unicode_decimal": 59389
    },
    {
      "icon_id": "11488198",
      "name": "aviation",
      "font_class": "aviation",
      "unicode": "e7fe",
      "unicode_decimal": 59390
    },
    {
      "icon_id": "11488199",
      "name": "Daytime mode",
      "font_class": "Daytimemode",
      "unicode": "e7ff",
      "unicode_decimal": 59391
    },
    {
      "icon_id": "11488200",
      "name": "infant & mom",
      "font_class": "infantmom",
      "unicode": "e800",
      "unicode_decimal": 59392
    },
    {
      "icon_id": "11488201",
      "name": "discounts",
      "font_class": "discounts",
      "unicode": "e801",
      "unicode_decimal": 59393
    },
    {
      "icon_id": "11488203",
      "name": "invoice",
      "font_class": "invoice",
      "unicode": "e802",
      "unicode_decimal": 59394
    },
    {
      "icon_id": "11488204",
      "name": "insurance",
      "font_class": "insurance",
      "unicode": "e803",
      "unicode_decimal": 59395
    },
    {
      "icon_id": "11488205",
      "name": "night mode",
      "font_class": "nightmode",
      "unicode": "e804",
      "unicode_decimal": 59396
    },
    {
      "icon_id": "11488206",
      "name": "user center",
      "font_class": "usercenter",
      "unicode": "e805",
      "unicode_decimal": 59397
    },
    {
      "icon_id": "11488207",
      "name": "unlock",
      "font_class": "unlock",
      "unicode": "e806",
      "unicode_decimal": 59398
    },
    {
      "icon_id": "11488209",
      "name": "vip",
      "font_class": "vip",
      "unicode": "e807",
      "unicode_decimal": 59399
    },
    {
      "icon_id": "11488210",
      "name": "wallet",
      "font_class": "wallet",
      "unicode": "e808",
      "unicode_decimal": 59400
    },
    {
      "icon_id": "11488211",
      "name": "land transportation",
      "font_class": "landtransportation",
      "unicode": "e809",
      "unicode_decimal": 59401
    },
    {
      "icon_id": "11488212",
      "name": "voice",
      "font_class": "voice",
      "unicode": "e80a",
      "unicode_decimal": 59402
    },
    {
      "icon_id": "11488213",
      "name": "exchange rate",
      "font_class": "exchangerate",
      "unicode": "e80b",
      "unicode_decimal": 59403
    },
    {
      "icon_id": "11488221",
      "name": "contacts-fill",
      "font_class": "contacts-fill",
      "unicode": "e80c",
      "unicode_decimal": 59404
    },
    {
      "icon_id": "11488222",
      "name": "add-account",
      "font_class": "add-account1",
      "unicode": "e80d",
      "unicode_decimal": 59405
    },
    {
      "icon_id": "11488223",
      "name": "2years-fill",
      "font_class": "years-fill",
      "unicode": "e80e",
      "unicode_decimal": 59406
    },
    {
      "icon_id": "11488224",
      "name": "add-cart-fill",
      "font_class": "add-cart-fill",
      "unicode": "e80f",
      "unicode_decimal": 59407
    },
    {
      "icon_id": "11488225",
      "name": "add-fill",
      "font_class": "add-fill",
      "unicode": "e810",
      "unicode_decimal": 59408
    },
    {
      "icon_id": "11488226",
      "name": "all-fill",
      "font_class": "all-fill1",
      "unicode": "e811",
      "unicode_decimal": 59409
    },
    {
      "icon_id": "11488227",
      "name": "ashbin-fill",
      "font_class": "ashbin-fill",
      "unicode": "e812",
      "unicode_decimal": 59410
    },
    {
      "icon_id": "11488228",
      "name": "calendar-fill",
      "font_class": "calendar-fill",
      "unicode": "e813",
      "unicode_decimal": 59411
    },
    {
      "icon_id": "11488229",
      "name": "bad-fill",
      "font_class": "bad-fill",
      "unicode": "e814",
      "unicode_decimal": 59412
    },
    {
      "icon_id": "11488230",
      "name": "bussiness-man-fill",
      "font_class": "bussiness-man-fill",
      "unicode": "e815",
      "unicode_decimal": 59413
    },
    {
      "icon_id": "11488231",
      "name": "atm-fill",
      "font_class": "atm-fill",
      "unicode": "e816",
      "unicode_decimal": 59414
    },
    {
      "icon_id": "11488232",
      "name": "cart- full-fill",
      "font_class": "cart-full-fill",
      "unicode": "e817",
      "unicode_decimal": 59415
    },
    {
      "icon_id": "11488233",
      "name": "cart-Empty-fill",
      "font_class": "cart-Empty-fill",
      "unicode": "e818",
      "unicode_decimal": 59416
    },
    {
      "icon_id": "11488234",
      "name": "camera switching-fill",
      "font_class": "cameraswitching-fill",
      "unicode": "e819",
      "unicode_decimal": 59417
    },
    {
      "icon_id": "11488235",
      "name": "atm-away-fill",
      "font_class": "atm-away-fill",
      "unicode": "e81a",
      "unicode_decimal": 59418
    },
    {
      "icon_id": "11488236",
      "name": "certified-supplier-fill",
      "font_class": "certified-supplier-fill",
      "unicode": "e81b",
      "unicode_decimal": 59419
    },
    {
      "icon_id": "11488237",
      "name": "calculator-fill",
      "font_class": "calculator-fill",
      "unicode": "e81c",
      "unicode_decimal": 59420
    },
    {
      "icon_id": "11488238",
      "name": "clock-fill",
      "font_class": "clock-fill",
      "unicode": "e81d",
      "unicode_decimal": 59421
    },
    {
      "icon_id": "11488239",
      "name": "ali-clould-fill",
      "font_class": "ali-clould-fill",
      "unicode": "e81e",
      "unicode_decimal": 59422
    },
    {
      "icon_id": "11488240",
      "name": "color-fill",
      "font_class": "color-fill",
      "unicode": "e81f",
      "unicode_decimal": 59423
    },
    {
      "icon_id": "11488241",
      "name": "coupons-fill",
      "font_class": "coupons-fill",
      "unicode": "e820",
      "unicode_decimal": 59424
    },
    {
      "icon_id": "11488243",
      "name": "cecurity-protection-fill",
      "font_class": "cecurity-protection-fill",
      "unicode": "e821",
      "unicode_decimal": 59425
    },
    {
      "icon_id": "11488245",
      "name": "credit-level-fill",
      "font_class": "credit-level-fill",
      "unicode": "e822",
      "unicode_decimal": 59426
    },
    {
      "icon_id": "11488246",
      "name": "default-template-fill",
      "font_class": "default-template-fill",
      "unicode": "e823",
      "unicode_decimal": 59427
    },
    {
      "icon_id": "11488247",
      "name": "Currency Converter-fill",
      "font_class": "CurrencyConverter-fill",
      "unicode": "e824",
      "unicode_decimal": 59428
    },
    {
      "icon_id": "11488248",
      "name": "Customer management-fill",
      "font_class": "Customermanagement-fill",
      "unicode": "e825",
      "unicode_decimal": 59429
    },
    {
      "icon_id": "11488249",
      "name": "discounts-fill",
      "font_class": "discounts-fill",
      "unicode": "e826",
      "unicode_decimal": 59430
    },
    {
      "icon_id": "11488250",
      "name": "Daytime mode-fill",
      "font_class": "Daytimemode-fill",
      "unicode": "e827",
      "unicode_decimal": 59431
    },
    {
      "icon_id": "11488251",
      "name": "exl-fill",
      "font_class": "exl-fill",
      "unicode": "e828",
      "unicode_decimal": 59432
    },
    {
      "icon_id": "11488252",
      "name": "cry-fill",
      "font_class": "cry-fill",
      "unicode": "e829",
      "unicode_decimal": 59433
    },
    {
      "icon_id": "11488253",
      "name": "email-fill",
      "font_class": "email-fill",
      "unicode": "e82a",
      "unicode_decimal": 59434
    },
    {
      "icon_id": "11488254",
      "name": "filter-fill",
      "font_class": "filter-fill",
      "unicode": "e82b",
      "unicode_decimal": 59435
    },
    {
      "icon_id": "11488256",
      "name": "folder-fill",
      "font_class": "folder-fill",
      "unicode": "e82c",
      "unicode_decimal": 59436
    },
    {
      "icon_id": "11488257",
      "name": "feeds-fill",
      "font_class": "feeds-fill",
      "unicode": "e82d",
      "unicode_decimal": 59437
    },
    {
      "icon_id": "11488258",
      "name": "gold-supplie-fill",
      "font_class": "gold-supplie-fill",
      "unicode": "e82e",
      "unicode_decimal": 59438
    },
    {
      "icon_id": "11488259",
      "name": "form-fill",
      "font_class": "form-fill",
      "unicode": "e82f",
      "unicode_decimal": 59439
    },
    {
      "icon_id": "11488261",
      "name": "camera-fill",
      "font_class": "camera-fill",
      "unicode": "e830",
      "unicode_decimal": 59440
    },
    {
      "icon_id": "11488262",
      "name": "good-fill",
      "font_class": "good-fill",
      "unicode": "e831",
      "unicode_decimal": 59441
    },
    {
      "icon_id": "11488264",
      "name": "image-text-fill",
      "font_class": "image-text-fill",
      "unicode": "e832",
      "unicode_decimal": 59442
    },
    {
      "icon_id": "11488265",
      "name": "inspection-fill",
      "font_class": "inspection-fill",
      "unicode": "e833",
      "unicode_decimal": 59443
    },
    {
      "icon_id": "11488266",
      "name": "hot-fill",
      "font_class": "hot-fill",
      "unicode": "e834",
      "unicode_decimal": 59444
    },
    {
      "icon_id": "11488267",
      "name": "company-fill",
      "font_class": "company-fill",
      "unicode": "e835",
      "unicode_decimal": 59445
    },
    {
      "icon_id": "11488269",
      "name": "discount-fill",
      "font_class": "discount-fill",
      "unicode": "e836",
      "unicode_decimal": 59446
    },
    {
      "icon_id": "11488270",
      "name": "insurance-fill",
      "font_class": "insurance-fill",
      "unicode": "e837",
      "unicode_decimal": 59447
    },
    {
      "icon_id": "11488271",
      "name": "inquiry-template-fill",
      "font_class": "inquiry-template-fill",
      "unicode": "e838",
      "unicode_decimal": 59448
    },
    {
      "icon_id": "11488272",
      "name": "left button-fill",
      "font_class": "leftbutton-fill",
      "unicode": "e839",
      "unicode_decimal": 59449
    },
    {
      "icon_id": "11488273",
      "name": "integral-fill",
      "font_class": "integral-fill1",
      "unicode": "e83a",
      "unicode_decimal": 59450
    },
    {
      "icon_id": "11488274",
      "name": "help",
      "font_class": "help1",
      "unicode": "e83b",
      "unicode_decimal": 59451
    },
    {
      "icon_id": "11488275",
      "name": "listing-content-fill",
      "font_class": "listing-content-fill",
      "unicode": "e83c",
      "unicode_decimal": 59452
    },
    {
      "icon_id": "11488276",
      "name": "logistic-logo-fill",
      "font_class": "logistic-logo-fill",
      "unicode": "e83d",
      "unicode_decimal": 59453
    },
    {
      "icon_id": "11488278",
      "name": "Money management-fill",
      "font_class": "Moneymanagement-fill",
      "unicode": "e83e",
      "unicode_decimal": 59454
    },
    {
      "icon_id": "11488279",
      "name": "manage-order-fill",
      "font_class": "manage-order-fill",
      "unicode": "e83f",
      "unicode_decimal": 59455
    },
    {
      "icon_id": "11488280",
      "name": "multi-language-fill",
      "font_class": "multi-language-fill",
      "unicode": "e840",
      "unicode_decimal": 59456
    },
    {
      "icon_id": "11488281",
      "name": "logistics-icon-fill",
      "font_class": "logistics-icon-fill",
      "unicode": "e841",
      "unicode_decimal": 59457
    },
    {
      "icon_id": "11488282",
      "name": "New user zone-fill",
      "font_class": "Newuserzone-fill",
      "unicode": "e842",
      "unicode_decimal": 59458
    },
    {
      "icon_id": "11488283",
      "name": "night mode-fill",
      "font_class": "nightmode-fill",
      "unicode": "e843",
      "unicode_decimal": 59459
    },
    {
      "icon_id": "11488284",
      "name": "office-supplies-fill",
      "font_class": "office-supplies-fill",
      "unicode": "e844",
      "unicode_decimal": 59460
    },
    {
      "icon_id": "11488285",
      "name": "notice-fill",
      "font_class": "notice-fill",
      "unicode": "e845",
      "unicode_decimal": 59461
    },
    {
      "icon_id": "11488286",
      "name": "mute",
      "font_class": "mute",
      "unicode": "e846",
      "unicode_decimal": 59462
    },
    {
      "icon_id": "11488288",
      "name": "order-fill",
      "font_class": "order-fill",
      "unicode": "e847",
      "unicode_decimal": 59463
    },
    {
      "icon_id": "11488289",
      "name": "password",
      "font_class": "password1",
      "unicode": "e848",
      "unicode_decimal": 59464
    },
    {
      "icon_id": "11488290",
      "name": "map",
      "font_class": "map1",
      "unicode": "e849",
      "unicode_decimal": 59465
    },
    {
      "icon_id": "11488291",
      "name": "paylater-fill",
      "font_class": "paylater-fill",
      "unicode": "e84a",
      "unicode_decimal": 59466
    },
    {
      "icon_id": "11488292",
      "name": "phone-fill",
      "font_class": "phone-fill",
      "unicode": "e84b",
      "unicode_decimal": 59467
    },
    {
      "icon_id": "11488293",
      "name": "online-tracking-fill",
      "font_class": "online-tracking-fill",
      "unicode": "e84c",
      "unicode_decimal": 59468
    },
    {
      "icon_id": "11488294",
      "name": "play-fill",
      "font_class": "play-fill1",
      "unicode": "e84d",
      "unicode_decimal": 59469
    },
    {
      "icon_id": "11488295",
      "name": "pdf-fill",
      "font_class": "pdf-fill",
      "unicode": "e84e",
      "unicode_decimal": 59470
    },
    {
      "icon_id": "11488297",
      "name": "phone",
      "font_class": "phone1",
      "unicode": "e84f",
      "unicode_decimal": 59471
    },
    {
      "icon_id": "11488298",
      "name": "pin-fill",
      "font_class": "pin-fill",
      "unicode": "e850",
      "unicode_decimal": 59472
    },
    {
      "icon_id": "11488299",
      "name": "product-fill",
      "font_class": "product-fill",
      "unicode": "e851",
      "unicode_decimal": 59473
    },
    {
      "icon_id": "11488300",
      "name": "ranking list-fill",
      "font_class": "rankinglist-fill",
      "unicode": "e852",
      "unicode_decimal": 59474
    },
    {
      "icon_id": "11488301",
      "name": "reduce-fill",
      "font_class": "reduce-fill",
      "unicode": "e853",
      "unicode_decimal": 59475
    },
    {
      "icon_id": "11488302",
      "name": "reeor-fill",
      "font_class": "reeor-fill",
      "unicode": "e854",
      "unicode_decimal": 59476
    },
    {
      "icon_id": "11488303",
      "name": "pic-fill",
      "font_class": "pic-fill1",
      "unicode": "e855",
      "unicode_decimal": 59477
    },
    {
      "icon_id": "11488304",
      "name": "ranking list",
      "font_class": "rankinglist",
      "unicode": "e856",
      "unicode_decimal": 59478
    },
    {
      "icon_id": "11488305",
      "name": "product",
      "font_class": "product1",
      "unicode": "e857",
      "unicode_decimal": 59479
    },
    {
      "icon_id": "11488306",
      "name": "prompt-fill",
      "font_class": "prompt-fill1",
      "unicode": "e858",
      "unicode_decimal": 59480
    },
    {
      "icon_id": "11488307",
      "name": "resonse rate-fill",
      "font_class": "resonserate-fill",
      "unicode": "e859",
      "unicode_decimal": 59481
    },
    {
      "icon_id": "11488308",
      "name": "remind-fill",
      "font_class": "remind-fill",
      "unicode": "e85a",
      "unicode_decimal": 59482
    },
    {
      "icon_id": "11488309",
      "name": "Right button-fill",
      "font_class": "Rightbutton-fill",
      "unicode": "e85b",
      "unicode_decimal": 59483
    },
    {
      "icon_id": "11488310",
      "name": "RFQ-logo-fill",
      "font_class": "RFQ-logo-fill",
      "unicode": "e85c",
      "unicode_decimal": 59484
    },
    {
      "icon_id": "11488311",
      "name": "RFQ-word-fill",
      "font_class": "RFQ-word-fill",
      "unicode": "e85d",
      "unicode_decimal": 59485
    },
    {
      "icon_id": "11488312",
      "name": "search cart-fill",
      "font_class": "searchcart-fill",
      "unicode": "e85e",
      "unicode_decimal": 59486
    },
    {
      "icon_id": "11488313",
      "name": "sales center-fill",
      "font_class": "salescenter-fill",
      "unicode": "e85f",
      "unicode_decimal": 59487
    },
    {
      "icon_id": "11488314",
      "name": "save-fill",
      "font_class": "save-fill",
      "unicode": "e860",
      "unicode_decimal": 59488
    },
    {
      "icon_id": "11488315",
      "name": "security-fill",
      "font_class": "security-fill",
      "unicode": "e861",
      "unicode_decimal": 59489
    },
    {
      "icon_id": "11488317",
      "name": "category products-fill",
      "font_class": "Similarproducts-fill",
      "unicode": "e862",
      "unicode_decimal": 59490
    },
    {
      "icon_id": "11488318",
      "name": "signboard-fill",
      "font_class": "signboard-fill",
      "unicode": "e863",
      "unicode_decimal": 59491
    },
    {
      "icon_id": "11488319",
      "name": "service-fill",
      "font_class": "service-fill",
      "unicode": "e864",
      "unicode_decimal": 59492
    },
    {
      "icon_id": "11488320",
      "name": "shuffling-banner-fill",
      "font_class": "shuffling-banner-fill",
      "unicode": "e865",
      "unicode_decimal": 59493
    },
    {
      "icon_id": "11488321",
      "name": "supplier-features-fill",
      "font_class": "supplier-features-fill",
      "unicode": "e866",
      "unicode_decimal": 59494
    },
    {
      "icon_id": "11488324",
      "name": "store-fill",
      "font_class": "store-fill",
      "unicode": "e867",
      "unicode_decimal": 59495
    },
    {
      "icon_id": "11488325",
      "name": "smile-fill",
      "font_class": "smile-fill",
      "unicode": "e868",
      "unicode_decimal": 59496
    },
    {
      "icon_id": "11488326",
      "name": "success-fill",
      "font_class": "success-fill",
      "unicode": "e869",
      "unicode_decimal": 59497
    },
    {
      "icon_id": "11488327",
      "name": "sound-filling-fill",
      "font_class": "sound-filling-fill",
      "unicode": "e86a",
      "unicode_decimal": 59498
    },
    {
      "icon_id": "11488328",
      "name": "sound-Mute",
      "font_class": "sound-Mute1",
      "unicode": "e86b",
      "unicode_decimal": 59499
    },
    {
      "icon_id": "11488329",
      "name": "suspended-fill",
      "font_class": "suspended-fill",
      "unicode": "e86c",
      "unicode_decimal": 59500
    },
    {
      "icon_id": "11488330",
      "name": "tool-fill",
      "font_class": "tool-fill",
      "unicode": "e86d",
      "unicode_decimal": 59501
    },
    {
      "icon_id": "11488331",
      "name": "task-management-fill",
      "font_class": "task-management-fill",
      "unicode": "e86e",
      "unicode_decimal": 59502
    },
    {
      "icon_id": "11488333",
      "name": "unlock-fill",
      "font_class": "unlock-fill",
      "unicode": "e86f",
      "unicode_decimal": 59503
    },
    {
      "icon_id": "11488334",
      "name": "trust-fill",
      "font_class": "trust-fill",
      "unicode": "e870",
      "unicode_decimal": 59504
    },
    {
      "icon_id": "11488335",
      "name": "vip-fill",
      "font_class": "vip-fill",
      "unicode": "e871",
      "unicode_decimal": 59505
    },
    {
      "icon_id": "11488336",
      "name": "set",
      "font_class": "set1",
      "unicode": "e872",
      "unicode_decimal": 59506
    },
    {
      "icon_id": "11488338",
      "name": "top-fill",
      "font_class": "Top-fill",
      "unicode": "e873",
      "unicode_decimal": 59507
    },
    {
      "icon_id": "11488339",
      "name": "view larger",
      "font_class": "viewlarger1",
      "unicode": "e874",
      "unicode_decimal": 59508
    },
    {
      "icon_id": "11488340",
      "name": "voice-fill",
      "font_class": "voice-fill",
      "unicode": "e875",
      "unicode_decimal": 59509
    },
    {
      "icon_id": "11488341",
      "name": "warning-fill",
      "font_class": "warning-fill",
      "unicode": "e876",
      "unicode_decimal": 59510
    },
    {
      "icon_id": "11488342",
      "name": "warehouse-fill",
      "font_class": "warehouse-fill",
      "unicode": "e877",
      "unicode_decimal": 59511
    },
    {
      "icon_id": "11488343",
      "name": "zip-fill",
      "font_class": "zip-fill",
      "unicode": "e878",
      "unicode_decimal": 59512
    },
    {
      "icon_id": "11488344",
      "name": "trade-assurance-fill",
      "font_class": "trade-assurance-fill",
      "unicode": "e879",
      "unicode_decimal": 59513
    },
    {
      "icon_id": "11488345",
      "name": "vs-fill",
      "font_class": "vs-fill",
      "unicode": "e87a",
      "unicode_decimal": 59514
    },
    {
      "icon_id": "11488346",
      "name": "video",
      "font_class": "video1",
      "unicode": "e87b",
      "unicode_decimal": 59515
    },
    {
      "icon_id": "11488347",
      "name": "template-fill",
      "font_class": "template-fill",
      "unicode": "e87c",
      "unicode_decimal": 59516
    },
    {
      "icon_id": "11488348",
      "name": "wallet",
      "font_class": "wallet1",
      "unicode": "e87d",
      "unicode_decimal": 59517
    },
    {
      "icon_id": "11488542",
      "name": "training",
      "font_class": "training1",
      "unicode": "e87e",
      "unicode_decimal": 59518
    },
    {
      "icon_id": "11488584",
      "name": "packing-labeling-fill",
      "font_class": "packing-labeling-fill",
      "unicode": "e87f",
      "unicode_decimal": 59519
    },
    {
      "icon_id": "11494362",
      "name": "export services-fill",
      "font_class": "Exportservices-fill",
      "unicode": "e880",
      "unicode_decimal": 59520
    },
    {
      "icon_id": "11494510",
      "name": "brand-fill",
      "font_class": "brand-fill",
      "unicode": "e881",
      "unicode_decimal": 59521
    },
    {
      "icon_id": "11494511",
      "name": "collection",
      "font_class": "collection",
      "unicode": "e882",
      "unicode_decimal": 59522
    },
    {
      "icon_id": "11494512",
      "name": "consumption-fill",
      "font_class": "consumption-fill",
      "unicode": "e883",
      "unicode_decimal": 59523
    },
    {
      "icon_id": "11494513",
      "name": "collection-fill",
      "font_class": "collection-fill",
      "unicode": "e884",
      "unicode_decimal": 59524
    },
    {
      "icon_id": "11494514",
      "name": "brand",
      "font_class": "brand",
      "unicode": "e885",
      "unicode_decimal": 59525
    },
    {
      "icon_id": "11494515",
      "name": "rejected-order-fill",
      "font_class": "rejected-order-fill",
      "unicode": "e886",
      "unicode_decimal": 59526
    },
    {
      "icon_id": "11494516",
      "name": "homepage-ads-fill",
      "font_class": "homepage-ads-fill",
      "unicode": "e887",
      "unicode_decimal": 59527
    },
    {
      "icon_id": "11494517",
      "name": "homepage-ads",
      "font_class": "homepage-ads",
      "unicode": "e888",
      "unicode_decimal": 59528
    },
    {
      "icon_id": "11494518",
      "name": "scenes-fill",
      "font_class": "scenes-fill",
      "unicode": "e889",
      "unicode_decimal": 59529
    },
    {
      "icon_id": "11494519",
      "name": "scenes",
      "font_class": "scenes",
      "unicode": "e88a",
      "unicode_decimal": 59530
    },
    {
      "icon_id": "11494520",
      "name": "similar-product-fill",
      "font_class": "similar-product-fill",
      "unicode": "e88b",
      "unicode_decimal": 59531
    },
    {
      "icon_id": "11494521",
      "name": "topraning-fill",
      "font_class": "topraning-fill",
      "unicode": "e88c",
      "unicode_decimal": 59532
    },
    {
      "icon_id": "11494522",
      "name": "consumption",
      "font_class": "consumption",
      "unicode": "e88d",
      "unicode_decimal": 59533
    },
    {
      "icon_id": "11494524",
      "name": "topraning",
      "font_class": "topraning",
      "unicode": "e88e",
      "unicode_decimal": 59534
    },
    {
      "icon_id": "11494649",
      "name": "gold-supplier",
      "font_class": "gold-supplier",
      "unicode": "e88f",
      "unicode_decimal": 59535
    },
    {
      "icon_id": "11494945",
      "name": "message center-fill",
      "font_class": "messagecenter-fill",
      "unicode": "e890",
      "unicode_decimal": 59536
    },
    {
      "icon_id": "11504134",
      "name": "quick",
      "font_class": "quick",
      "unicode": "e891",
      "unicode_decimal": 59537
    },
    {
      "icon_id": "11504135",
      "name": "writing",
      "font_class": "writing",
      "unicode": "e892",
      "unicode_decimal": 59538
    },
    {
      "icon_id": "11504165",
      "name": "doc-fill",
      "font_class": "docjpge-fill",
      "unicode": "e893",
      "unicode_decimal": 59539
    },
    {
      "icon_id": "11504166",
      "name": "jpge-fill",
      "font_class": "jpge-fill",
      "unicode": "e894",
      "unicode_decimal": 59540
    },
    {
      "icon_id": "11504167",
      "name": "gif-fill",
      "font_class": "gifjpge-fill",
      "unicode": "e895",
      "unicode_decimal": 59541
    },
    {
      "icon_id": "11504169",
      "name": "bmp-fill",
      "font_class": "bmpjpge-fill",
      "unicode": "e896",
      "unicode_decimal": 59542
    },
    {
      "icon_id": "11504172",
      "name": "tif-fill",
      "font_class": "tifjpge-fill",
      "unicode": "e897",
      "unicode_decimal": 59543
    },
    {
      "icon_id": "11504174",
      "name": "png-fill",
      "font_class": "pngjpge-fill",
      "unicode": "e898",
      "unicode_decimal": 59544
    },
    {
      "icon_id": "11674001",
      "name": "home",
      "font_class": "Hometextile",
      "unicode": "e899",
      "unicode_decimal": 59545
    },
    {
      "icon_id": "11674090",
      "name": "home",
      "font_class": "home",
      "unicode": "e89a",
      "unicode_decimal": 59546
    },
    {
      "icon_id": "11674114",
      "name": "send inquiry-fill",
      "font_class": "sendinquiry-fill",
      "unicode": "e89b",
      "unicode_decimal": 59547
    },
    {
      "icon_id": "11674252",
      "name": "comments-fill",
      "font_class": "comments-fill",
      "unicode": "e89c",
      "unicode_decimal": 59548
    },
    {
      "icon_id": "11674755",
      "name": "account-fill",
      "font_class": "account-fill",
      "unicode": "e89d",
      "unicode_decimal": 59549
    },
    {
      "icon_id": "11674772",
      "name": "feed-logo-fill",
      "font_class": "feed-logo-fill",
      "unicode": "e89e",
      "unicode_decimal": 59550
    },
    {
      "icon_id": "11674773",
      "name": "feed-logo",
      "font_class": "feed-logo",
      "unicode": "e89f",
      "unicode_decimal": 59551
    },
    {
      "icon_id": "11674925",
      "name": "home-fill",
      "font_class": "home-fill",
      "unicode": "e8a0",
      "unicode_decimal": 59552
    },
    {
      "icon_id": "12011574",
      "name": "add-select",
      "font_class": "add-select",
      "unicode": "e8a1",
      "unicode_decimal": 59553
    },
    {
      "icon_id": "12011622",
      "name": "sami-select",
      "font_class": "sami-select",
      "unicode": "e8a2",
      "unicode_decimal": 59554
    },
    {
      "icon_id": "12011690",
      "name": "camera",
      "font_class": "camera",
      "unicode": "e8a3",
      "unicode_decimal": 59555
    },
    {
      "icon_id": "12011691",
      "name": "arrow-down",
      "font_class": "arrow-down",
      "unicode": "e8a4",
      "unicode_decimal": 59556
    },
    {
      "icon_id": "12011692",
      "name": "account",
      "font_class": "account",
      "unicode": "e8a5",
      "unicode_decimal": 59557
    },
    {
      "icon_id": "12011693",
      "name": "comments",
      "font_class": "comments",
      "unicode": "e8a6",
      "unicode_decimal": 59558
    },
    {
      "icon_id": "12011694",
      "name": "cart-Empty",
      "font_class": "cart-Empty1",
      "unicode": "e8a7",
      "unicode_decimal": 59559
    },
    {
      "icon_id": "12011695",
      "name": "favorites",
      "font_class": "favorites",
      "unicode": "e8a8",
      "unicode_decimal": 59560
    },
    {
      "icon_id": "12011696",
      "name": "order",
      "font_class": "order",
      "unicode": "e8a9",
      "unicode_decimal": 59561
    },
    {
      "icon_id": "12011697",
      "name": "search",
      "font_class": "search",
      "unicode": "e8aa",
      "unicode_decimal": 59562
    },
    {
      "icon_id": "12011698",
      "name": "trade-assurance",
      "font_class": "trade-assurance",
      "unicode": "e8ab",
      "unicode_decimal": 59563
    },
    {
      "icon_id": "12012147",
      "name": "user center",
      "font_class": "usercenter1",
      "unicode": "e8ac",
      "unicode_decimal": 59564
    },
    {
      "icon_id": "12012167",
      "name": "trading data",
      "font_class": "tradingdata",
      "unicode": "e8ad",
      "unicode_decimal": 59565
    },
    {
      "icon_id": "12707408",
      "name": "microphone",
      "font_class": "microphone",
      "unicode": "e8ae",
      "unicode_decimal": 59566
    },
    {
      "icon_id": "12707837",
      "name": "txt",
      "font_class": "txt",
      "unicode": "e8af",
      "unicode_decimal": 59567
    },
    {
      "icon_id": "12707838",
      "name": "xlsx",
      "font_class": "xlsx",
      "unicode": "e8b0",
      "unicode_decimal": 59568
    }
  ]
}
